Name,GAR,AAV,Age,Pos
Carey.Price,33.6,6.5,27,G
Joe.Pavelski,29.4,6,30,W
Cory.Schneider,28,4,28,G
Alex.Ovechkin,28,9.538,28,W
Tyler.Seguin,25.1,5.75,22,C
Vladimir.Tarasenko,29.3,0.9,22,W
Jamie.Benn,24.8,5.25,25,W
Patrice.Bergeron,24.1,6.875,29,C
John.Tavares,25.4,5.5,23,C
Pavel.Datsyuk,25.9,7.5,36,C
Bryan.Little,23.1,4.7,26,C
Tomas.Tatar,23.4,2.75,23,W
Steven.Stamkos,24.1,7.5,24,C
Devan.Dubnyk,17.8,0.8,28,G
Sidney.Crosby,22.4,8.7,27,C
Evgeni.Malkin,18.8,9.5,28,C
Joe.Thornton,20.4,6.75,35,C
Nick.Foligno,20.3,3.383,26,W
Ryan.Getzlaf,24.8,8.25,29,C
Alex.Steen,20.8,5.8,30,W
Erik.Karlsson,19.7,6.5,24,D
Rick.Nash,20.7,7.8,30,W
Matt.Beleskey,22.3,1.35,26,W
Marc-Andre.Fleury,20.5,5,29,G
Jiri.Hudler,19.2,4,30,W
Marian.Gaborik,17.4,4.875,32,W
Mathieu.Perreault,16.7,3,26,C
T.J..Oshie,18,NA,27,W
Jakub.Voracek,16.8,4.25,25,W
Nikita.Kucherov,25.2,0.712,21,W
Tyler.Toffoli,16.7,0.717,22,W
Jeff.Carter,16.5,5.273,29,C
Wayne.Simmonds,16.2,3.975,26,W
Claude.Giroux,16.1,8.275,26,C
Corey.Crawford,16.1,6,29,G
Steve.Mason,15.9,4.1,26,G
Semyon.Varlamov,15.8,5.9,26,G
Justin.Abdelkader,15.8,1.8,27,W
Loui.Eriksson,15.5,4.25,29,W
Tyler.Johnson,23.3,3.333,24,C
Brad.Marchand,15.4,4.5,26,W
Blake.Wheeler,14.5,5.6,28,W
Andrew.Hammond,14.9,0.72,26,G
Jake.Muzzin,14.9,1,25,D
Ondrej.Pavelec,11.2,3.9,27,G
Anze.Kopitar,14.7,6.8,27,C
Braden.Holtby,23.5,1.85,24,G
Mike.Hoffman,15.3,0.75,24,W
Eddie.Lack,12.2,1.15,26,G
Justin.Williams,14.2,3.65,32,W
Mark.Stone,12.3,0.603,22,W
Jared.Spurgeon,14.2,2.667,24,D
Corey.Perry,19.7,8.625,29,W
Eric.Staal,13.8,8.25,29,C
Patrick.Eaves,13.8,0.65,30,W
Patrick.Kane,15.9,6.3,25,W
Anton.Stralman,15.7,4.5,28,D
Gustav.Nyquist,13.5,0.95,25,W
Mika.Zibanejad,13.2,0.894,21,C
Mike.Ribeiro,14,1.05,34,C
Jaden.Schwartz,14.3,2.35,22,W
Johnny.Gaudreau,13.9,0.925,21,W
Filip.Forsberg,15.1,0.894,20,W
Colin.Wilson,16.1,2,24,C
Zach.Parise,15.5,7.538,30,W
Nicklas.Backstrom,15.9,6.7,26,C
Michael.Raffl,12.8,1.1,25,W
Brent.Burns,12.3,5.76,29,D
Jordan.Eberle,12.2,6,24,W
Chris.Kunitz,12.9,3.85,34,W
Sami.Vatanen,12.9,1.262,23,D
Henrik.Sedin,13.3,7,33,C
Derick.Brassard,16.9,5,26,C
David.Backes,12.6,4.5,30,W
Nazem.Kadri,11.8,2.9,23,C
Chris.Kreider,14.2,2.475,23,W
Eric.Fehr,11.8,1.5,29,C
Ryan.Nugent-Hopkins,11.6,6,21,C
John.Klingberg,11.6,0.713,22,D
Duncan.Keith,13.3,5.538,31,D
Marcus.Johansson,9,2,23,C
Logan.Couture,11.4,6,25,C
Nino.Niederreiter,10.3,2.667,22,W
Kevin.Hayes,12.2,0.9,22,C
Lubomir.Visnovsky,12.4,4.75,38,D
Kris.Letang,11.1,7.25,27,D
Jason.Spezza,11.1,7,31,C
Brandon.Saad,17.9,0.764,21,W
Kevin.Shattenkirk,11.9,4.25,25,D
Scott.Darling,12,0.57,25,G
Brandon.Pirri,10.8,0.925,23,C
Andrew.Ladd,9.9,4.4,28,W
Kyle.Okposo,11,2.8,26,W
Ben.Bishop,12.1,2.3,27,G
Mark.Scheifele,9.4,0.863,21,C
Jason.Zucker,10,0.9,22,W
Torey.Krug,10.4,1.4,23,D
Ryan.Callahan,9,5.8,29,W
Alex.Burrows,10,4.5,33,W
P.K..Subban,13.8,NA,25,D
Mats.Zuccarello,9.9,3.5,27,W
Brock.Nelson,8.7,0.9,22,C
Dmitrij.Jaskin,8.9,0.803,21,W
Christopher.Tanev,9.4,2,24,D
Martin.St..Louis,6.3,NA,39,C
Tyson.Barrie,9.7,2.6,23,D
Daniel.Winnik,8.4,1.3,29,C
Oliver.Ekman-Larsson,9.6,5.5,23,D
Dustin.Byfuglien,8.9,5.2,29,D
Mattias.Ekholm,9.2,1.038,24,D
Jaroslav.Halak,10.8,4.5,29,G
Mikhail.Grabovski,9.3,5,30,C
Troy.Brouwer,10.2,3.667,29,W
Radim.Vrbata,7.7,5,33,W
Marc-Edouard.Vlasic,9.3,4.25,27,D
Nick.Bjugstad,9.2,0.9,22,C
Erik.Cole,9.2,4.5,35,W
Antti.Raanta,9.1,0.75,25,G
Aleksander.Barkov,9.1,0.925,19,C
Joel.Ward,12.1,3,33,W
Darren.Helm,9.1,2.125,27,C
Kyle.Turris,7.6,3.5,25,C
Patric.Hornqvist,10.2,4.25,27,W
Scott.Hartnell,8.9,4.75,32,W
Brent.Seabrook,6.7,5.8,29,D
Brendan.Gallagher,12.1,0.685,22,W
Dan.Boyle,10.8,4.5,38,D
Alex.Galchenyuk,8.5,0.925,20,W
David.Pastrnak,8.8,0.925,18,W
Max.Pacioretty,10.4,4.5,25,W
Riley.Sheahan,10.4,0.95,22,C
Paul.Stastny,10.8,7,28,C
Ryan.Strome,9.5,0.863,21,W
Ondrej.Palat,15,3.333,23,W
Tyler.Bozak,8.6,4.2,28,C
Shawn.Matthias,8.1,1.75,26,W
Nick.Leddy,8,2.7,23,D
Barret.Jackman,8.5,3.167,33,D
Sean.Couturier,8.3,1.75,21,C
Steve.Bernier,8.3,0.6,29,W
Calvin.Pickard,8.3,0.813,22,G
Ryan.Johansen,8.2,4,22,C
Anders.Lee,7.3,0.851,24,W
Mark.Arcobello,8.2,0.6,26,C
Ryan.O'Reilly,8.2,NA,23,C
Mikko.Koivu,8.1,6.75,31,C
Erik.Condra,8.7,1.25,28,W
Sean.Monahan,7.2,0.925,19,C
Henrik.Zetterberg,7.2,6.083,33,C
Benoit.Pouliot,8,4,27,W
Mikael.Granlund,7.8,0.9,22,C
Jarome.Iginla,8,5.333,37,W
Mike.Cammalleri,8,5,32,W
Justin.Fontaine,9.4,1,26,W
Cody.Eakin,7.7,1.9,23,C
James.Neal,10.5,5,27,W
Andrew.Cogliano,11.5,3,27,C
Frans.Nielsen,7.7,2.75,30,C
Andre.Burakovsky,10.3,0.925,19,C
Jannik.Hansen,8,2.5,28,W
Cam.Talbot,7.5,0.562,27,G
Mike.Fisher,7.3,4.2,34,C
Gabriel.Landeskog,7.5,5.5,21,W
Alex.Goligoski,7.4,4.6,29,D
Paul.Martin,6.2,5,33,D
Jason.Pominville,7,5.6,31,W
Ryan.Ellis,7.4,2.5,23,D
Tuukka.Rask,7.2,7,27,G
Michael.Frolik,7.4,3.3,26,W
Jake.Gardiner,7.2,4.05,24,D
Reilly.Smith,7.2,1.4,23,W
Nikolay.Kulemin,7.7,4.188,28,W
David.Jones,9.2,4,30,W
Josh.Jooris,7.6,0.925,24,C
Jaromir.Jagr,7,3.5,42,W
Mark.Giordano,7,4.02,30,D
Danny.Dekeyser,6.3,2.188,24,D
Charlie.Coyle,6.4,0.9,22,W
Jiri.Tlusty,6.6,2.95,26,W
Craig.Anderson,10,3.188,33,G
Johnny.Boychuk,6.1,3.367,30,D
Bryan.Bickell,3.8,4,28,W
Marko.Dano,6.7,0.925,19,C
Tanner.Pearson,6.7,0.736,22,W
Ian.Cole,6,0.825,25,D
Patrick.Marleau,6.6,6.667,35,W
Jonathan.Huberdeau,6.4,0.894,21,W
Clarke.MacArthur,6.3,3.25,29,W
Dougie.Hamilton,6.4,0.894,21,D
Chris.Terry,6.4,0.6,25,W
Matt.Dumba,6.7,0.894,20,D
Antoine.Roussel,6.4,2,24,W
Jordan.Staal,6.3,6,26,C
Victor.Hedman,11,4,23,D
David.Savard,6.3,1.3,23,D
Marco.Scandella,7,1.025,24,D
Alexander.Edler,5.5,5,28,D
Ryan.Suter,6,7.538,29,D
Jean-Gabriel.Pageau,6.2,0.613,21,C
Josh.Bailey,7.1,3.3,24,W
Calle.Jarnkrok,6,0.715,22,C
Seth.Jones,6.2,0.925,19,D
Jason.Demers,6,3.4,26,D
Stephen.Weiss,5.3,4.9,31,W
John.Carlson,9.2,3.967,24,D
Tomas.Plekanec,5,5,31,C
Justin.Faulk,5.9,4.833,22,D
Melker.Karlsson,5.8,0.825,24,W
J.T..Miller,5.1,NA,21,C
Kyle.Palmieri,4.2,1.467,23,W
Colton.Sceviour,5.7,0.65,25,W
Cam.Fowler,7.4,4,22,D
Alex.Killorn,9.3,2.55,25,W
Willie.Mitchell,5.6,4.25,37,D
Jacob.Trouba,3.6,0.894,20,D
Mikael.Backlund,4.4,1.5,25,C
Henrik.Lundqvist,6.2,8.5,32,G
Vladislav.Namestnikov,5.4,0.925,21,W
Kevin.Klein,3.3,2.9,29,D
Tobias.Enstrom,5.2,5.75,29,D
Aaron.Ekblad,5.5,0.925,18,D
Mikkel.Boedker,5.5,2.55,24,W
Brandon.Sutter,5.1,3.3,25,C
Niklas.Hjalmarsson,4.4,4.1,27,D
Roman.Josi,5.6,4,24,D
Marcus.Kruger,7,1.325,24,C
Brandon.Dubinsky,5.2,4.2,28,C
Patrick.Wiercioch,6.3,2,24,D
Jimmy.Hayes,5.2,0.925,24,W
Adam.Lowry,5.9,0.828,21,W
Brayden.Schenn,5.2,2.5,23,W
Shawn.Horcoff,5.1,5.5,35,W
Karl.Alzner,6.8,2.8,25,D
Blake.Comeau,5.6,0.7,28,W
Ryan.McDonagh,7.3,4.7,25,D
Matt.Irwin,5.1,1,26,D
Niklas.Svedberg,5.1,0.6,25,G
Chris.Kelly,5.1,3,33,W
Brett.Connolly,5,0.851,22,W
Johan.Larsson,5,0.763,22,W
Zbynek.Michalek,5.3,4,31,D
Shea.Weber,3.7,7.857,29,D
Boone.Jenner,4.9,0.778,21,W
Lee.Stempniak,4.8,0.9,31,W
Jonathan.Bernier,4.9,2.9,26,G
Martin.Erat,4.8,4.5,33,W
Marc.Methot,4.3,3,29,D
Mark.Streit,4.8,5.25,36,D
Ryan.Kesler,9.6,5,30,C
Matt.Stajan,6.7,3.25,30,C
Chris.Vandevelde,4.8,0.575,27,C
James.Wisniewski,4.8,5.5,30,D
Cody.Franson,4.1,3.3,27,D
Rob.Klinkhammer,4.7,0.625,28,W
Jesper.Fast,6.2,0.805,22,W
Daniel.Sedin,6.4,7,33,W
Cedric.Paquette,4.6,0.633,21,C
Craig.Smith,4.9,2,25,W
Matthew.Calvert,4.6,0.988,24,W
Jay.Beagle,5.9,0.9,28,W
Dominic.Moore,3,1.5,34,C
Nick.Spaling,5,2.2,25,W
Marian.Hossa,4.4,5.275,35,W
Tomas.Hertl,4.4,0.925,20,W
Sergei.Bobrovsky,4.4,5.625,25,G
Marek.Zidlicky,4.7,3,37,D
Trevor.Lewis,4.4,1.525,27,C
Ben.Chiarot,3.7,0.6,23,D
Riley.Nash,4.3,0.575,25,C
Mike.Green,2.8,6,28,D
Matt.Cullen,4.8,3.5,37,W
Hampus.Lindholm,3.6,0.894,20,D
John-Michael.Liles,4.2,3.875,33,D
Jeff.Skinner,4.2,5.725,22,W
Nick.Bonino,2.5,1.9,26,C
Michael.Grabner,3.5,3,26,W
Jakub.Kindl,4.3,2.4,27,D
David.Legwand,3,3,34,C
Pekka.Rinne,1.6,7,31,G
Patrick.Maroon,2.2,0.575,26,W
Zdeno.Chara,4,6.917,37,D
Clayton.Stoner,4.9,3.25,29,D
Derek.Roy,4,1,31,C
Matt.Moulson,3.9,5,30,W
David.Desharnais,4.4,3.5,28,C
Brian.Boyle,1.6,2,29,C
Sean.Bergenheim,3.6,2.75,30,W
Vernon.Fiddler,3.7,1.25,34,C
Carl.Hagelin,4.9,2.25,26,W
Dennis.Wideman,2.8,5.25,31,D
Jonas.Brodin,2.5,0.894,21,D
Taylor.Beck,2.4,0.55,23,W
Matt.Duchene,3.6,6,23,C
Robert.Bortuzzo,3.6,0.6,25,D
Jonas.Hiller,5.3,4.5,32,G
Tuomo.Ruutu,3.4,4.75,31,W
Jonathan.Quick,3.4,5.8,28,G
Richard.Panik,3.4,0.735,23,W
Derek.Stepan,4,3.075,24,C
Jordie.Benn,3.4,0.7,27,D
Francois.Beauchemin,4.7,3.5,34,D
Matt.Greene,3.3,2.5,31,D
Lance.Bouma,2.6,0.775,24,C
Teuvo.Teravainen,4.7,0.894,20,C
David.Perron,1.7,3.812,26,W
Kevan.Miller,3.3,0.8,26,D
Stephen.Gionta,3.2,0.85,30,C
Zack.Kassian,3.2,1.75,23,W
Mackenzie.Skapski,3.2,0.663,20,G
Brad.Boyes,3.2,2.625,32,W
Adam.Henrique,3.2,4,24,C
Laurent.Brossoit,3.1,0.659,21,G
Boyd.Gordon,3.1,3,30,C
Xavier.Ouellet,3.1,0.67,21,D
Jeff.Petry,2.2,3.075,26,D
Andrei.Markov,6.1,5.75,35,D
Chris.Higgins,3.3,2.5,31,W
Trevor.van.Riemsdyk,2.8,0.925,23,D
Petr.Mrazek,5.4,0.595,22,G
Andrej.Nestrasil,3,0.55,23,C
Andrei.Vasilevskiy,2.4,0.925,20,G
Reto.Berra,3,1.45,27,G
Alex.Tanguay,2.9,3.5,34,W
Jori.Lehtera,2.7,2.75,26,C
Paul.Gaustad,1.3,3.25,32,C
Carl.Soderberg,2.9,1.008,28,C
Matthew.Martin,4.4,1,25,W
Sam.Gagner,2.8,4.8,25,C
Karl.Stollery,2.8,0.605,26,D
Andrew.Shaw,4.5,2,23,C
Brett.Ritchie,2.7,0.814,21,W
Scottie.Upshall,2.7,3.5,30,W
Valtteri.Filppula,5.1,5,30,C
Dustin.Brown,2.7,5.875,29,W
Pascal.Dupuis,2.7,3.75,35,W
Eric.Nystrom,2.6,2.5,31,W
Alec.Martinez,2.6,1.1,27,D
Andrej.Sekera,2.5,2.75,28,D
Jacob.Josefson,2.5,0.8,23,C
Antoine.Vermette,-1.2,3.75,32,C
Nathan.MacKinnon,2.5,0.925,19,C
Ryan.Spooner,2.5,0.76,22,C
Ryan.White,2.5,0.575,26,C
Erik.Johnson,2.4,3.75,26,D
Chris.Tierney,2.4,0.712,20,C
Patrick.Sharp,3.6,5.9,32,W
Rickard.Rakell,3,0.894,21,C
Curtis.Lazar,2.4,0.925,19,C
Brayden.McNabb,2.3,0.65,23,D
Jamie.McBain,2.2,0.55,26,D
John.Mitchell,2.2,1.8,29,C
Alexey.Marchenko,1.9,0.667,22,D
Carlo.Colaiacovo,2.2,0.625,31,D
Brenden.Morrow,0.1,1.55,35,W
Zach.Trotman,2.1,0.625,24,D
Patrik.Berglund,4.1,3.7,26,C
Tyler.Pitlick,2.1,0.725,22,W
Dwight.King,2.1,1.95,25,W
Curtis.Glencross,1.1,2.55,31,W
Milan.Lucic,2.1,6,26,W
Evgeny.Kuznetsov,2.9,0.87,22,C
Paul.Postma,2.1,0.713,25,D
Kris.Versteeg,1.8,4.4,28,W
Milan.Michalek,2,4,29,W
Travis.Zajac,2,5.75,29,C
Kevin.Connauton,2,0.683,24,D
Vincent.Trocheck,2,0.662,21,C
Leo.Komarov,2,2.95,27,W
Jordan.Schroeder,1.8,0.6,23,C
Damon.Severson,2,0.606,20,D
Ryan.Reaves,-2.9,1.125,27,W
Victor.Rask,1.9,0.681,21,C
Linden.Vey,1.9,0.735,23,C
Yannick.Weber,1.5,0.85,25,D
Artem.Anisimov,1.9,3.283,26,C
Michal.Neuvirth,2.5,2.5,26,G
Tim.Jackman,1.5,0.637,32,W
Thomas.Hickey,1,0.675,25,D
Tyler.Kennedy,1.8,2.35,28,W
Paul.Byron,1.9,0.6,25,C
Tomas.Fleischmann,2.9,4.5,30,W
Brandon.Prust,2.7,2.5,30,C
Torrey.Mitchell,3.5,1.7,29,C
Jonathan.Toews,22,6.3,26,C
Simon.Gagne,1.8,0.6,34,W
Luke.Schenn,1.8,3.6,24,D
Casey.Cizikas,-0.7,1,23,C
Emerson.Etem,3.1,0.87,22,W
Pierre-Edouard.Bellemare,1.7,0.6,29,C
Lars.Eller,2,3.5,25,C
T.J..Brodie,3,NA,24,D
Scott.Gomez,1.7,0.55,34,C
Kyle.Chipchura,1.7,0.875,28,C
Mark.Barberio,0.8,0.874,24,D
Michael.Bournival,1.6,0.66,22,W
Niklas.Kronwall,-0.7,4.75,33,D
Seth.Griffith,1.6,0.759,21,W
Simon.Despres,0,0.9,23,D
Kyle.Brodziak,-0.2,2.833,30,C
Alex.Pietrangelo,-3.3,6.5,24,D
Jack.Johnson,1.5,4.357,27,D
Micheal.Ferland,0.3,0.612,22,W
Alexander.Semin,1.5,7,30,W
David.Krejci,1.5,5.25,28,C
Cal.Clutterbuck,-1.6,2.75,26,W
Jordan.Martinook,1.5,0.658,22,C
Thomas.McCollum,1.5,0.6,24,G
Andrew.Greene,1.5,3,31,D
Joe.Morrow,1.5,0.863,21,D
Jussi.Jokinen,1.4,4,31,C
Adam.Pardy,-1.1,0.7,30,D
Troy.Grosenick,1.4,0.625,25,G
Viktor.Stalberg,1,3,28,W
Dale.Weise,1.7,1.025,26,W
Ryan.Carter,0.9,0.725,31,C
Stephane.Veilleux,1.3,0.588,32,W
Elias.Lindholm,1.2,0.925,19,W
Brian.Flynn,0,0.637,26,C
Mikhail.Grigorenko,1.2,0.925,20,C
Grant.Clitsome,1.1,2.067,29,D
David.Schlemko,1,1.137,27,D
Mark.Pysyk,1.1,0.87,22,D
James.Sheppard,1.3,1.3,26,C
Brandon.Bollig,-7.3,1.25,27,W
Christian.Thomas,1.1,0.808,22,W
Tom.Wilson,-0.6,0.894,20,W
Ales.Hemsky,1.1,4,31,W
Brandon.Davidson,1.1,0.615,23,D
Rob.Scuderi,-3.5,3.375,35,D
Brett.Bellemore,1,0.6,26,D
Drew.Doughty,1,7,24,D
Brandon.McMillan,-0.9,0.625,24,C
Jordan.Nolan,1,0.7,25,W
Brad.Malone,1,0.65,25,W
Nikita.Nesterov,0,0.743,21,D
Jonathan.Drouin,-1.2,0.894,19,W
Dan.Carcillo,1,0.55,29,W
Sam.Bennett,1.1,0.925,18,C
William.Karlsson,1,0.831,21,C
Steve.Ott,-2.4,2.6,32,C
Alex.Chiasson,0.1,0.867,23,W
Chris.Butler,0.9,0.65,27,D
Erik.Haula,1.9,0.9,23,C
Jacob.De.La.Rose,-0.2,0.925,19,C
Mirco.Mueller,0.9,0.925,19,D
Patrik.Elias,0.9,5.5,38,C
Thomas.Vanek,-0.6,6.5,30,W
Tim.Gleason,0.1,1.2,31,D
Joe.Whitney,0.9,0.568,26,W
David.Rundblad,1.2,0.785,23,D
Stanislav.Galiev,0.9,0.595,22,W
Lucas.Lessio,0.9,0.831,21,W
Brandon.Manning,0.9,0.7,24,D
Tom.Gilbert,-4.1,2.8,31,D
Bobby.Ryan,0.4,5.1,27,W
Ben.Smith,0.8,1.5,26,C
Ben.Lovejoy,0.8,1.1,30,D
Freddie.Hamilton,0.8,0.627,22,C
Kyle.Quincey,1,4.25,29,D
Jonathan.Marchessault,0.6,0.925,23,W
Darcy.Kuemper,-9.9,1.25,24,G
Matt.Puempel,0.8,0.863,21,W
Raphael.Diaz,1.2,0.7,28,D
Drew.Stafford,-0.3,4,28,W
P.A..Parenteau,1.2,NA,31,W
Cam.Atkinson,0.8,1.15,25,W
Curtis.McElhinney,0.8,0.65,31,G
Miikka.Salomaki,0.8,0.781,21,W
Travis.Morin,0.8,0.55,30,C
Steven.Kampfer,0.8,0.55,25,D
Matt.Cooke,0.2,2.5,36,W
Roberto.Luongo,0.8,5.333,35,G
Tyler.Ennis,0.7,4.6,24,C
Matt.Niskanen,-1.2,5.75,27,D
Jared.Cowen,0.7,3.1,23,D
Andrew.Desjardins,-2.9,0.75,28,C
Jake.Allen,-0.8,0.8,24,G
Mark.Letestu,0.7,1.3,29,C
Brad.Richards,-2.6,2,34,C
Jarred.Tinordi,0.7,0.87,22,D
Michal.Rozsival,0.1,2.2,36,D
Brandon.Gormley,0.6,0.84,22,D
Reid.Boucher,0.6,0.693,21,W
Mike.Santorelli,-5,1.5,28,W
Greg.Pateryn,1,0.562,24,D
Eric.Boulton,0.6,0.65,38,W
Bryan.Lerg,0.6,0.575,28,W
Dan.Hamhuis,-1.7,4.5,31,D
Taylor.Chorney,0.9,0.55,27,D
Carl.Gunnarsson,0,3.15,27,D
Landon.Ferraro,-0.1,0.55,23,W
Danny.Biega,0.6,0.755,22,D
Brooks.Laich,-0.6,4.5,31,C
Frank.Corrado,0.5,0.592,21,D
Johnny.Oduya,0.4,3.375,32,D
Chris.Porter,0.9,0.675,30,W
Joakim.Andersson,-3.2,0.733,25,C
Justin.Hodgman,0.5,0.55,26,C
Joey.Hishon,0.5,0.851,22,C
Jakob.Silfverberg,0.4,0.85,23,W
Calvin.De.Haan,-1.2,1.967,23,D
Corey.Potter,0.8,0.7,30,D
Chris.Brown,0.5,0.853,23,C
Andrey.Makarov,0.5,0.57,21,G
Markus.Granlund,0.9,0.767,21,C
Steve.Downie,0.2,1,27,W
Jason.Chimera,-5,2,35,W
Alexei.Emelin,-4.4,4.1,28,D
Cody.Goloubef,0.4,0.625,24,D
Rocco.Grimaldi,0.4,0.925,21,W
Beau.Bennett,0.4,0.9,22,W
Valeri.Nichushkin,0.4,0.925,19,W
Kael.Mouillierat,0.4,0.675,27,C
Chris.Mueller,0.4,0.6,28,C
Jimmy.Howard,-9.8,5.292,30,G
Ryan.Miller,-2.8,6,34,G
Zack.Smith,0.1,1.887,26,C
Matt.Hunwick,0.5,0.6,29,D
Ronalds.Kenins,0.5,0.68,23,W
Marcel.Goc,-2.8,1.2,31,C
Jordan.Oesterle,0.3,0.767,22,D
Brian.Gibbons,0.3,0.75,26,C
Michael.Hutchinson,0.3,0.575,24,G
Andrej.Sustr,-1.9,0.874,23,D
Casey.Bailey,0.3,0.912,22,C
Matt.Halischuk,-0.2,0.725,26,W
Chris.Wagner,0.2,0.9,23,C
Brendan.Smith,-0.5,1.262,25,D
Martin.Hanzal,0.3,3.1,27,C
Matt.Nieto,0.3,0.759,21,W
Jiri.Sekac,-0.9,0.925,22,C
Derrick.Pouliot,0.2,0.863,20,D
Josh.Anderson,0.2,0.709,20,W
Bo.Horvat,0,0.894,19,C
Tom.Sestito,0.2,0.75,26,W
Patrik.Nemeth,0.2,0.763,22,D
Phillip.Danault,0.2,0.863,21,C
Emile.Poirier,0.2,0.925,19,W
Micheal.Haley,0.2,0.6,28,W
Michael.Kostka,0.2,0.65,28,D
Frederic.St-Denis,0.2,NA,28,D
Louis.Domingue,0.2,0.578,22,G
Tomas.Jurco,0.1,0.709,21,W
Luke.Glendening,-0.1,0.628,25,C
Bobby.Robins,0.2,0.6,32,W
Stefan.Noesen,0.2,0.863,21,W
Carl.Klingberg,0.2,0.65,23,W
Christian.Folin,0.2,0.925,23,D
J.T..Brown,-3,NA,24,W
Eric.Gryba,-5.1,1.25,26,D
Aaron.Volpatti,0.2,0.575,29,W
Luke.Witkowski,0.1,0.627,24,D
Michael.Sgarbossa,0.1,0.591,22,C
Travis.Moen,0.1,1.85,32,W
Jeff.Schultz,0.1,0.85,28,D
Paul.Carey,0.1,0.715,25,W
Anton.Lander,0.1,0.6,23,C
Tim.Sestito,0.1,0.562,30,C
Liam.O'Brien,0.1,NA,20,W
Daniel.Cleary,0.1,1.5,35,W
Adam.Larsson,0.1,0.9,21,D
Bobby.Farnham,0.1,0.55,25,W
Brooks.Orpik,-8,5.5,33,D
Marek.Mazanec,0,0.61,23,G
Anton.Volchenkov,0,1,32,D
Greg.McKegg,0,0.655,22,C
Chris.Neil,-0.4,1.9,35,W
Daniel.Girardi,-0.5,5.5,30,D
Keegan.Lowe,0,0.737,21,D
Keaton.Ellerby,0,0.7,25,D
Duncan.Siemens,0,NA,21,D
Raman.Hrabarenka,0,0.693,22,D
Patrice.Cormier,0,0.625,24,W
Mark.Alt,0,0.782,22,D
Julien.Brouillette,0,0.6,27,D
Blair.Jones,0,0.6,27,C
Brody.Sutter,0,0.577,22,C
Harry.Zolnierczyk,0,0.65,27,W
Jesse.Blacker,0,0.55,23,D
Peter.Regin,0,0.65,28,C
Drayson.Bowman,0,0.575,25,W
Joel.Armia,0,0.902,21,W
Dominik.Uher,0,0.585,21,C
David.Wolf,-0.2,0.868,25,W
Brendan.Ranford,0,0.61,22,W
Max.Friberg,0,0.777,21,W
Patrick.Bordeleau,0,1,28,W
Colton.Orr,0,0.925,32,W
Rich.Clune,0,0.85,27,W
Scott.Wilson,-0.1,0.655,22,W
Jeff.Zatkoff,0,0.6,27,G
Rob.Zepp,0,0.6,33,G
Erik.Gudbranson,0,2.5,22,D
Mike.Angelidis,0,0.65,29,W
Tyler.Wotherspoon,-0.1,0.925,21,D
Colby.Robak,0,0.675,24,D
Maxim.Lapierre,-9.1,1.1,29,C
Steve.Oleksy,0,0.542,28,D
Troy.Bodie,0,0.6,29,W
Dana.Tyrell,0,0.655,25,C
Richard.Bachman,0,0.615,27,G
Colin.Fraser,0,0.65,29,C
Darnell.Nurse,0,0.894,19,D
Cody.Ceci,-2.1,0.894,20,D
Shayne.Gostisbehere,0,0.925,21,D
Matt.Donovan,-0.4,0.827,24,D
Andrew.Agozzino,0,0.59,23,W
Drew.Shore,-1.2,0.9,23,C
Michael.Paliotta,0,0.925,21,D
Will.Acton,0,0.665,27,C
Mark.Stuart,-2.8,2.625,30,D
Josh.Manson,0,0.925,22,D
Corban.Knight,-0.1,0.9,24,C
Alexander.Khokhlachev,-0.1,0.787,21,C
Tyler.Gaudet,-0.1,0.925,21,C
Stefan.Matteau,-0.1,0.843,20,W
Braydon.Coburn,-5,4.5,29,D
Ryan.Bourque,-0.1,0.562,23,W
Kyle.Baun,-0.1,0.859,22,W
Colin.Smith,-0.1,0.628,21,C
Jake.McCabe,-0.1,0.925,20,D
Antti.Niemi,-0.1,3.8,31,G
Tomas.Vincour,-0.1,0.6,23,W
John.Ramage,-0.1,0.69,23,D
Oliver.Lauridsen,-0.1,0.6,25,D
Kevin.Fiala,-0.3,0.925,18,W
Brandon.Kozun,-0.1,0.55,24,W
Teemu.Pulkkinen,-0.1,0.698,22,W
Philip.Samuelsson,-0.1,0.55,23,D
Chad.Ruhwedel,-0.1,0.65,24,D
Ben.Street,-0.1,0.65,27,C
Ryan.Wilson,-0.1,2.25,27,D
Tyler.Graovac,-0.1,0.748,21,C
Thomas.Greiss,-0.1,1,28,G
Ron.Hainsey,-0.1,2.833,33,D
Chris.Thorburn,-1,1.2,31,W
Sven.Andrighetto,-0.1,0.633,21,W
Tyler.Myers,-6.6,5.5,24,D
Brandon.Defazio,-0.1,0.6,26,W
Adam.Clendening,-0.1,0.743,21,D
David.Warsofsky,-0.1,0.6,24,D
Frederik.Andersen,-3.7,1.15,24,G
Nate.Schmidt,-0.1,0.625,23,D
Drew.Miller,-4.7,1.35,30,W
David.van.Der.Gulik,-0.2,0.55,31,W
Bogdan.Yakimov,-0.2,0.843,19,C
Brett.Kulak,-0.2,0.657,20,D
Joe.Piskula,-0.2,0.55,30,D
Dylan.McIlrath,-0.2,0.703,22,D
Devante.Smith-Pelly,-4.1,0.8,22,C
Mike.Blunden,-0.2,0.6,27,W
Luke.Adam,-0.2,0.65,24,W
Slater.Koekkoek,-0.2,0.894,20,D
Curtis.Hamilton,-0.2,0.725,22,W
Nate.Thompson,-5.4,1.6,29,C
Ryan.Craig,-0.2,0.6,32,W
Shane.Prince,-0.2,0.877,21,C
Josh.Leivo,-0.2,0.792,21,W
Leon.Draisaitl,-0.2,0.925,18,C
Oscar.Lindberg,-0.2,0.675,22,C
Bryan.Allen,-0.2,3.5,34,D
Michael.Latta,-0.8,0.575,23,C
Dylan.Reese,-0.2,0.55,30,D
Brendan.Woods,-0.2,0.725,22,C
Colin.McDonald,-1,0.637,29,W
Damien.Brunner,-0.2,2.5,28,W
Jonas.Gustavsson,-0.2,1.85,29,G
Jonathon.Blum,-0.2,0.675,25,D
Ryan.Murray,-0.2,0.894,20,D
Petr.Straka,-0.2,0.925,22,W
Brad.Richardson,-1.7,1.15,29,C
Griffin.Reinhart,-1.3,0.863,20,D
Brendan.Shinnimin,-0.3,0.667,23,C
Brian.Campbell,-0.3,7.143,35,D
Eric.Tangradi,-0.3,0.675,25,W
Matt.Lindblad,-0.3,0.834,24,W
Daniil.Tarasov,-0.3,0.68,23,W
Brian.Elliott,-1.3,2.5,29,G
Joakim.Nordstrom,-2.1,0.6,22,C
Michal.Jordan,-0.3,0.55,24,D
Bryce.Salvador,-0.3,3.167,38,D
Andrew.Copp,-0.3,0.925,20,C
Victor.Bartley,-5.4,0.667,26,D
Martin.Marincin,-0.3,0.73,22,D
Kyle.Cumiskey,-1.1,0.6,27,D
Shane.O'Brien,-0.3,NA,31,D
Alexandre.Bolduc,-0.3,0.6,29,C
Gabriel.Dumont,-0.4,0.562,23,C
Kevin.Poulin,-0.4,0.65,24,G
Max.Reinhart,-0.4,0.618,22,C
Sven.Baertschi,-1.1,0.894,21,W
Philipp.Grubauer,-2.1,0.578,22,G
Conor.Allen,-0.4,0.925,24,D
Carter.Ashton,-0.4,0.851,23,W
Eric.O'Dell,-0.4,NA,24,C
Keith.Yandle,-6.4,5.25,28,D
Jay.Bouwmeester,-4.9,5.4,30,D
Cameron.Schilling,-0.4,0.625,25,D
Anthony.Bitetto,-0.4,0.605,24,D
Karri.Ramo,-2.4,2.75,28,G
Jordin.Tootoo,-0.4,0.55,31,W
Nate.Prosser,-2.7,0.7,28,D
Brian.Strait,-9.3,0.775,26,D
Garrett.Wilson,-0.5,0.715,23,W
Nicklas.Jensen,-0.5,0.863,21,W
Andrej.Meszaros,-0.5,4.125,28,D
Seth.Helgeson,-0.5,0.595,23,D
Nathan.Beaulieu,-2.4,0.925,21,D
Andrew.Miller,-0.5,0.675,25,W
Mike.Brown,-0.6,1.2,29,W
Zac.Dalpe,-0.6,0.7,24,W
Justin.Schultz,-0.6,3.675,24,D
Justin.Shugg,-0.6,0.6,22,W
Mathew.Clark,-0.6,0.55,23,D
Henrik.Samuelsson,-0.6,0.863,20,W
Petter.Granberg,-0.6,0.8,22,D
Kerby.Rychel,-0.6,0.925,19,W
Jonathan.Ericsson,-1.3,4.25,30,D
Petteri.Lindbohm,-0.6,0.637,20,D
Brian.McGrattan,-0.6,0.75,33,W
Chris.Conner,-0.6,0.55,30,W
Sean.B..Collins,-0.6,0.62,25,W
Martin.Havlat,-0.6,1.5,33,W
Brian.Ferlin,-0.6,0.875,22,W
Evander.Kane,-0.6,5.25,23,W
Luca.Sbisa,-10.1,2.175,24,D
Derek.Dorsett,-5.4,1.633,27,W
Brett.Sutter,-0.6,0.6,27,C
Eric.Gelinas,-0.7,0.9,23,D
Ryan.Malone,-0.7,0.7,34,W
Stu.Bickel,-0.7,0.6,27,W
Iiro.Pakarinen,-0.7,0.818,23,W
Borna.Rendulic,-0.7,0.62,22,W
Rasmus.Rissanen,-0.7,0.575,23,D
Brian.Dumoulin,-1.7,0.832,23,D
Ty.Rattie,-0.7,0.772,21,W
Steven.Pinizzotto,-0.7,0.65,30,W
Olli.Maatta,-0.7,0.894,20,D
Jesse.Joensuu,-0.8,0.95,26,W
Jim.Slater,-5,1.6,31,C
Johan.Franzen,-0.8,3.955,34,W
Marcus.Foligno,-0.8,1.875,23,W
Nick.Cousins,-0.8,0.812,21,C
Eriah.Hayes,-0.8,0.9,26,W
Tanner.Glass,-8.4,1.45,30,W
Patrick.Brown,-0.9,0.652,22,W
Timothy.Schaller,-0.9,0.925,23,C
Kris.Russell,-9.4,2.6,27,D
Mason.Raymond,-2.5,3.15,28,W
Ryan.Hartman,-0.9,0.925,19,W
Cory.Conacher,-0.9,0.6,24,W
Viktor.Arvidsson,-0.9,0.632,21,W
Kimmo.Timonen,-4.8,2,39,D
Dany.Heatley,-1,1,33,W
Taylor.Fedun,-1,0.575,26,D
Magnus.Paajarvi,-1,1.2,23,W
Sam.Reinhart,-1,0.925,18,C
Jordan.Leopold,-3,2.25,34,D
Jason.Labarbera,-1,0.75,34,G
Mike.Richards,-1,5.75,29,C
Joni.Ortio,-1,0.6,23,G
T.J..Brennan,-1.1,NA,25,D
Dalton.Prout,-1.1,1.075,24,D
David.Musil,-1.1,0.894,21,D
Daniel.Briere,-1.1,4,36,W
Radko.Gudas,-1.1,0.992,24,D
Stefan.Elliott,-1.1,0.851,23,D
Sam.Carrick,-1.1,0.707,22,C
Jacob.Markstrom,-1.2,1.2,24,G
Stuart.Percy,-1.2,0.863,21,D
Gabriel.Bourque,-3,0.775,23,W
Nicholas.Shore,-1.2,0.925,21,C
Ryan.Garbutt,-1.2,1.8,29,W
Alex.Biega,-1.2,0.6,26,D
Mike.Sislo,-1.2,0.562,26,W
Andrew.Ebbett,-1.3,0.55,31,C
Matt.Frattin,-1.3,0.8,26,W
Slava.Voynov,-1.3,4.167,24,D
Mark.Borowiecki,-6.4,0.575,25,D
Jerry.D'Amigo,-1.3,NA,23,W
Joe.Colborne,-3.5,1.275,24,C
Dmitry.Kulikov,-1.3,4.333,23,D
Daniel.Paille,-1.3,1.3,30,W
Jyrki.Jokipakka,-1.4,0.667,23,D
Matt.Carle,-4.4,5.5,29,D
Dan.Ellis,-1.4,0.9,34,G
Dylan.Olsen,-1.4,0.775,23,D
Anthony.Duclair,-1.4,0.772,19,W
Tommy.Wingels,-1.4,2.475,26,W
Nick.Schultz,-1.4,1.25,32,D
Andy.Andreoff,-1.4,0.55,23,C
Travis.Hamonic,-1.5,3.857,24,D
Kevin.Bieksa,-3,4.6,33,D
Adam.McQuaid,-1.5,1.567,27,D
Nikita.Nikitin,-1.5,4.5,28,D
Brad.Hunt,-1.5,0.55,26,D
Anthony.Peluso,-1.5,0.562,25,W
Keith.Ballard,-1.6,1.5,31,D
Brian.Lashoff,-1.6,0.725,24,D
Oscar.Klefbom,-1.6,0.894,21,D
Teddy.Purcell,-1.6,4.5,29,W
Zach.Sill,-1.6,0.55,26,W
Jason.Garrison,-4,4.6,29,D
Bryan.Rust,-1.7,0.652,22,W
Olli.Jokinen,-1.7,2.5,35,C
Marc.Staal,-5.3,3.975,27,D
Keith.Kinkaid,-1.7,0.6,25,G
Trevor.Daley,-1.7,3.3,30,D
Scott.Harrington,-1.8,0.589,21,D
Deryk.Engelland,-8.5,2.917,32,D
Michael.Del.Zotto,-1.9,1.3,24,D
Peter.Harrold,-1.9,0.8,31,D
David.Clarkson,-1.9,5.25,30,W
Barclay.Goodrow,-1.9,0.627,21,W
Justin.Falk,-1.9,0.7,25,D
Mike.McKenna,-1.9,0.55,31,G
Trevor.Smith,-2,0.55,29,C
Brian.Gionta,-2,4.25,35,W
Devin.Setoguchi,-2,0.75,27,W
Ryan.Murphy,-2,0.863,21,D
Scott.Hannan,-2,1,35,D
John.Scott,-2.1,0.7,31,W
Tim.Erixon,-2.1,0.6,23,D
Scott.Clemmensen,-2.1,0.6,37,G
Zach.Boychuk,-2.1,0.6,24,W
Jayson.Megna,-2.1,0.874,24,C
Morgan.Rielly,-2.1,0.894,20,D
Andrew.Campbell,-2.2,0.55,26,D
Adam.Cracknell,-2.2,0.6,29,C
Joakim.Lindstrom,-2.2,0.7,30,W
Craig.Cunningham,-2.2,0.6,24,W
Phil.Kessel,-2.2,8,26,W
Brenden.Dillon,-2.3,1.25,23,D
Matt.Ellis,-2.3,0.55,33,C
David.Moss,-2.3,0.8,32,W
R.J..Umberger,-2.3,NA,32,W
Zach.Redmond,-2.3,0.75,26,D
Vincent.Lecavalier,-2.3,4.5,34,C
David.Booth,-2.3,1.1,29,W
Martin.Jones,-2.4,0.55,24,G
Mark.Fistric,-2.4,1.267,28,D
Cody.McCormick,-2.4,1.5,31,C
Jack.Skille,-2.4,0.75,27,W
Nicklas.Grossmann,-2.4,3.5,29,D
Zemgus.Girgensons,-2.4,0.894,20,C
Christian.Ehrhoff,-2.4,4,32,D
Jamie.McGinn,-2.4,2.95,26,W
Michael.Ryder,-2.5,3.5,34,W
Matt.Tennyson,-2.5,0.625,24,D
Ryane.Clowe,-2.5,4.85,31,W
Curtis.McKenzie,-2.6,0.645,23,W
Scott.Laughton,-2.6,0.925,20,C
Kyle.Clifford,-2.6,1.15,23,W
Dennis.Everberg,-2.6,0.613,22,C
Derek.MacKenzie,-2.6,1.3,33,C
Jeremy.Morin,-2.6,0.8,23,W
Andrew.MacDonald,-2.7,5,28,D
Andrew.MacWilliam,-2.7,0.875,24,D
Alex.Petrovic,-2.7,0.795,22,D
Justin.Braun,-2.7,1.25,27,D
Ladislav.Smid,-2.7,3.5,28,D
Colin.Greening,-2.8,2.65,28,W
Matt.Fraser,-2.8,0.625,24,W
John.Curry,-2.9,0.575,30,G
Dustin.Tokarski,-2.9,0.562,24,G
Jussi.Rynnas,-3,0.562,27,G
Luke.Gazdic,-3,0.8,25,W
Martin.Brodeur,-3,0.95,42,G
Ryan.Hamilton,-3,0.6,29,W
Philip.Varone,-3,0.57,23,C
Jamie.Oleksiak,-3.1,0.894,21,D
Mike.Weber,-3.2,1.667,26,D
Jason.Akeson,-3.2,0.575,24,W
Jordan.Caron,-3.2,0.6,23,W
Joffrey.Lupul,-3.3,5.25,30,W
Taylor.Hall,-3.3,6,22,W
Chris.Summers,-3.3,0.6,26,D
Tobias.Rieder,-3.3,0.853,21,C
Jordan.Szwarz,-3.4,0.63,23,W
Patrick.Dwyer,-3.5,0.9,31,W
Max.Talbot,-3.5,1.8,30,C
Craig.Adams,-3.6,0.7,37,C
Klas.Dahlbeck,-3.6,0.613,23,D
Tye.McGinn,-3.6,0.6,24,W
John.Gibson,-3.7,0.722,21,G
Chris.Stewart,-10.1,4.15,26,W
Nathan.Gerbe,-3.8,1.75,27,W
Jack.Hillen,-3.9,0.7,28,D
James.Reimer,-3.9,2.3,26,G
John.Moore,-3.9,0.851,23,D
Dave.Bolland,-4,5.5,28,C
Adam.Burish,-4.2,1.85,31,C
Alexander.Wennberg,-4.4,0.925,19,C
Korbinian.Holzer,-4.4,0.787,26,D
Tomas.Kopecky,-4.4,3,32,W
Matt.Bartkowski,-4.5,1.25,26,D
Michael.Chaput,-4.5,0.707,22,C
Shawn.Thornton,-4.5,1.2,37,W
Nail.Yakupov,-4.6,0.925,20,W
Sergei.Gonchar,-4.6,5,40,D
Alex.Stalock,-4.6,1.6,27,G
T.J..Galiardi,-4.7,NA,26,C
Connor.Murphy,-4.7,0.863,21,D
Matt.Hackett,-4.8,0.751,24,G
Evgeni.Nabokov,-5,1.55,39,G
Mike.Weaver,-5.1,1.75,36,D
Carter.Hutton,-5.1,0.725,28,G
Keith.Aulie,-5.3,0.8,25,D
Andrew.Ference,-5.3,3.25,35,D
Anton.Forsberg,-5.3,0.655,21,G
Matt.Hendricks,-5.4,1.85,33,W
Corey.Tropp,-5.5,0.625,25,W
Eric.Brewer,-5.6,3.875,35,D
Robyn.Regehr,-5.6,3,34,D
Jon.Merrill,-5.9,0.84,22,D
Nick.Holden,-5.9,0.6,27,D
Zac.Rinaldo,-6,0.75,24,W
Dion.Phaneuf,-6,7,29,D
Jay.McClement,-6.1,1,31,C
Ryan.Stanton,-6.1,0.55,25,D
Stephane.Robidas,-6.1,3,37,D
Jay.Harrison,-6.2,1.5,31,D
Fedor.Tyutin,-6.3,4.5,31,D
B.J..Crombeen,-6.3,NA,29,W
Peter.Holland,-6.4,0.775,23,C
Chris.Phillips,-6.4,2.5,36,D
Matt.Read,-6.5,3.625,28,W
Roman.Polak,-6.5,2.75,28,D
Gregory.Campbell,-6.6,1.6,30,C
Anders.Lindback,-6.7,0.925,26,G
Patrick.Kaleta,-6.8,1.25,28,W
Rene.Bourque,-6.8,3.333,32,W
Shane.Doan,-6.8,5.252,37,W
Joe.Vitale,-6.8,1.117,29,C
Cody.Hodgson,-6.9,4.25,24,C
Dennis.Seidenberg,-7,4,33,D
Manny.Malhotra,-7.1,0.85,34,C
Mark.Fraser,-7.6,0.55,27,D
Jared.Boll,-7.7,1.7,28,W
Cody.McLeod,-7.8,1.15,30,W
Mark.Fayne,-7.8,3.625,27,D
Nikita.Zadorov,-7.9,0.894,19,D
Cam.Ward,-7.9,6.3,30,G
Brad.Stuart,-8,3.6,34,D
Lauri.Korpikoski,-8.1,2.5,28,W
Justin.Peters,-8.1,0.95,28,G
Jan.Hejda,-8.2,3.25,36,D
Tyson.Strachan,-8.6,0.65,29,D
Anton.Khudobin,-8.8,2.25,28,G
James.van.Riemsdyk,-9,4.25,25,W
Jarret.Stoll,-9.2,3.25,32,C
Robin.Lehner,-9.4,2.225,23,G
Marc-Andre.Cliche,-9.5,0.7,27,C
Andre.Benoit,-10,0.8,30,D
Dainius.Zubrus,-10.1,3.1,36,W
Josh.Gorges,-10.2,3.9,30,D
Ilya.Bryzgalov,-10.5,5.667,34,G
Rasmus.Ristolainen,-10.7,0.925,19,D
Chad.Johnson,-11,1.3,28,G
Zach.Bogosian,-11.1,5.143,24,D
Al.Montoya,-11.3,1.05,29,G
Nicolas.Deslauriers,-11.3,0.637,23,W
Niklas.Backstrom,-11.9,3.417,36,G
Mike.Smith,-12.2,5.667,32,G
Michael.Stone,-13.2,1.15,24,D
Kari.Lehtonen,-13.8,5.9,30,G
Nathan.Guenin,-14.4,0.8,31,D
Ray.Emery,-14.6,1,31,G
Viktor.Fasth,-15.5,2.9,32,G
Jhonas.Enroth,-16,1.25,26,G
Ben.Scrivens,-33.8,2.3,28,G
